{
  "alt_sign_small": [
    0.25,
    -0.25,
    0.25,
    -0.25,
    0.25,
    -0.25,
    0.25,
    -0.25,
    0.25,
    -0.25,
    0.25,
    -0.25,
    0.25,
    -0.25,
    0.25,
    -0.25,
    0.25,
    -0.25,
    0.25,
    -0.25,
    0.25,
    -0.25,
    0.25,
    -0.25,
    0.25,
    -0.25,
    0.25,
    -0.25,
    0.25,
    -0.25,
    0.25,
    -0.25
  ],
  "const_one": [
    1.0,
    1.0,
    1.0,
    1.0,
    1.0,
    1.0,
    1.0,
    1.0,
    1.0,
    1.0,
    1.0,
    1.0,
    1.0,
    1.0,
    1.0,
    1.0,
    1.0,
    1.0,
    1.0,
    1.0,
    1.0,
    1.0,
    1.0,
    1.0,
    1.0,
    1.0,
    1.0,
    1.0,
    1.0,
    1.0,
    1.0,
    1.0
  ],
  "const_pi": [
    3.0,
    3.0,
    3.0,
    3.0,
    3.0,
    3.0,
    3.0,
    3.0,
    3.0,
    3.0,
    3.0,
    3.0,
    3.0,
    3.0,
    3.0,
    3.0,
    3.0,
    3.0,
    3.0,
    3.0,
    3.0,
    3.0,
    3.0,
    3.0,
    3.0,
    3.0,
    3.0,
    3.0,
    3.0,
    3.0,
    3.0,
    3.0
  ],
  "gaussian_0p5": [
    0.125,
    -0.5,
    0.375,
    0.5,
    -1.0,
    -0.75,
    0.125,
    -0.125,
    -0.0,
    -0.375,
    0.5,
    0.375,
    0.0,
    0.5,
    0.25,
    -0.375,
    0.125,
    -0.5,
    0.5,
    -0.0,
    -0.125,
    -0.375,
    0.5,
    -0.125,
    -0.25,
    -0.125,
    0.25,
    0.125,
    0.25,
    0.25,
    1.0,
    -0.25
  ],
  "large_magnitude": [
    1024.0,
    1024.0,
    1024.0,
    1024.0,
    1024.0,
    1024.0,
    1024.0,
    1024.0,
    1024.0,
    1024.0,
    1024.0,
    1024.0,
    1024.0,
    1024.0,
    1024.0,
    1024.0,
    1024.0,
    1024.0,
    1024.0,
    1024.0,
    1024.0,
    1024.0,
    1024.0,
    1024.0,
    1024.0,
    1024.0,
    1024.0,
    1024.0,
    1024.0,
    1024.0,
    1024.0,
    1024.0
  ],
  "mixed_wide": [
    -1024.0,
    -1024.0,
    -768.0,
    -768.0,
    -768.0,
    -768.0,
    -512.0,
    -512.0,
    -512.0,
    -384.0,
    -384.0,
    -256.0,
    -256.0,
    -128.0,
    -128.0,
    -0.0,
    0.0,
    128.0,
    128.0,
    256.0,
    256.0,
    384.0,
    384.0,
    512.0,
    512.0,
    512.0,
    768.0,
    768.0,
    768.0,
    768.0,
    1024.0,
    1024.0
  ],
  "multiple_blocks": [
    0.01171875,
    0.01171875,
    0.01171875,
    0.01171875,
    0.01171875,
    0.01171875,
    0.01171875,
    0.01171875,
    0.01171875,
    0.01171875,
    0.01171875,
    0.01171875,
    0.01171875,
    0.01171875,
    0.01171875,
    0.01171875,
    0.01171875,
    0.01171875,
    0.01171875,
    0.01171875,
    0.01171875,
    0.01171875,
    0.01171875,
    0.01171875,
    0.01171875,
    0.01171875,
    0.01171875,
    0.01171875,
    0.01171875,
    0.01171875,
    0.01171875,
    0.01171875,
    96.0,
    96.0,
    96.0,
    96.0,
    96.0,
    96.0,
    96.0,
    96.0,
    96.0,
    96.0,
    96.0,
    96.0,
    96.0,
    96.0,
    96.0,
    96.0,
    96.0,
    96.0,
    96.0,
    96.0,
    96.0,
    96.0,
    96.0,
    96.0,
    96.0,
    96.0,
    96.0,
    96.0,
    96.0,
    96.0,
    96.0,
    96.0
  ],
  "pattern_steps": [
    0.0,
    0.5,
    1.0,
    2.0,
    -1.0,
    -0.5,
    4.0,
    -3.0,
    0.0,
    0.5,
    1.0,
    2.0,
    -1.0,
    -0.5,
    4.0,
    -3.0,
    0.0,
    0.5,
    1.0,
    2.0,
    -1.0,
    -0.5,
    4.0,
    -3.0,
    0.0,
    0.5,
    1.0,
    2.0,
    -1.0,
    -0.5,
    4.0,
    -3.0
  ],
  "ramp_neg_pos": [
    -2.0,
    -2.0,
    -1.5,
    -1.5,
    -1.5,
    -1.5,
    -1.0,
    -1.0,
    -1.0,
    -0.75,
    -0.75,
    -0.5,
    -0.5,
    -0.25,
    -0.25,
    -0.0,
    0.0,
    0.25,
    0.25,
    0.5,
    0.5,
    0.75,
    0.75,
    1.0,
    1.0,
    1.0,
    1.5,
    1.5,
    1.5,
    1.5,
    2.0,
    2.0
  ],
  "tiny_magnitude": [
    0.0009765625,
    0.0009765625,
    0.0009765625,
    0.0009765625,
    0.0009765625,
    0.0009765625,
    0.0009765625,
    0.0009765625,
    0.0009765625,
    0.0009765625,
    0.0009765625,
    0.0009765625,
    0.0009765625,
    0.0009765625,
    0.0009765625,
    0.0009765625,
    0.0009765625,
    0.0009765625,
    0.0009765625,
    0.0009765625,
    0.0009765625,
    0.0009765625,
    0.0009765625,
    0.0009765625,
    0.0009765625,
    0.0009765625,
    0.0009765625,
    0.0009765625,
    0.0009765625,
    0.0009765625,
    0.0009765625,
    0.0009765625
  ]
}